id,expid,count,value
00D11839GY146693J,ctrl,1,25.0
00T76116JS115341W,ctrl,1,5.0
02190577VH959984K,test,1,30.0
03J92162H4925304A,test,1,30.0
04L61572Y36650448,test,1,20.0
05955439HP825143W,test,1,20.0
05L21612BS7475025,ctrl,1,50.0
6.49836E+15,ctrl,1,10.0
07Y63856YF6775708,test,1,20.0
09337335P0428694U,test,1,30.0
0AD03126KP738610L,ctrl,1,50.0
0C360107DX6922523,ctrl,1,25.0
0E224438VB664500F,test,1,30.0
0E634759L1656535M,ctrl,1,10.0
0FR51902JK2916131,ctrl,1,5.0
0G742551S04500801,ctrl,1,25.0
0GM94697FF069235N,ctrl,1,50.0
0HS38591RP633762C,test,1,50.0
0JP211560B8000431,test,1,50.0
0KJ03595RC332831J,test,1,2.0
0KX09233XG305504L,test,1,25.0
0LR169189J3494328,ctrl,1,50.0
0MJ38751T02796849,test,1,30.0
0MY00029MX348542N,test,1,30.0
0N605599WX5331055,ctrl,1,25.0
0NE27541ER556304L,test,1,30.0
0NH105096S889304N,ctrl,1,25.0
0R698048MM3658022,test,1,50.0
0TD11647MY026624J,ctrl,1,25.0
0U600061YU906243P,test,1,20.0
0UR68716G64000011,test,1,10.0
0UV552547J781542H,test,1,20.0
0XT07536ED826044E,test,1,25.0
0Y3082993N876492M,test,1,10.0
0YS69246TF508011G,test,1,50.0
10C87222AY5854427,test,1,60.0
11B7120820233514A,ctrl,1,25.0
12B16414YE198201M,test,1,150.0
13G21651JE9703737,ctrl,1,25.0
13H37979J8479930B,test,1,30.0
13R08817LS147204P,test,1,30.0
14W07874UH190420W,test,1,25.0
15564322E5747803Y,test,1,75.0
16374074RH2518540,ctrl,1,200.0
16859211CN3269628,ctrl,1,5.0
18516405LU7867942,test,1,10.0
18C18976U7229551X,test,1,10.0
194370392P555004T,test,1,25.0
19D30728MU8819805,ctrl,1,25.0
1A14602398167732P,test,1,50.0
1AE26971G9357203P,test,1,30.0
1B284028PX285134N,ctrl,1,5.0
1BP76260FG334135K,test,1,50.0
1DE73632NK882963P,test,1,60.0
1E6683943D0648322,ctrl,1,10.0
1EH172576T383873U,test,1,10.0
1FV7309763225832V,test,1,20.0
1GY37797VK3424240,test,1,20.0
1J772017SP225754E,ctrl,1,50.0
1JT11194T90420522,test,1,100.0
1JW01942VB166904G,ctrl,1,25.0
1K682577K5044723Y,ctrl,1,100.0
1MG84020E91407533,ctrl,1,5.0
1NY04773D94488014,test,1,10.0
1T390641TR377702S,ctrl,1,25.0
1TL26799XN528613X,test,1,10.0
1U837831NH314372H,ctrl,1,25.0
1UH67348MH342443S,test,1,20.0
1VK12574YB492393T,test,1,50.0
1VX34437Y7877524W,test,1,10.0
1W944799HE589972V,test,1,10.0
1WA41724D5984064W,ctrl,1,50.0
1Y634149TG1698329,test,1,100.0
20S920279W2025849,test,1,10.0
20U97862RW7059257,ctrl,1,100.0
211086540J114994S,ctrl,1,50.0
21E52820WT139921B,test,1,100.0
2208441905385703A,test,1,20.0
225808319J187071D,ctrl,1,100.0
22Y0189835384570B,test,1,10.0
23B916016C8257546,ctrl,1,25.0
257772293S0339727,ctrl,1,10.0
25N604661N896262N,ctrl,1,500.0
26193725T9414832C,test,1,25.0
26Y819243S992733B,ctrl,1,100.0
2A91149052578722M,test,1,100.0
2DP398588L111461L,ctrl,1,3.0
2E6919334V636641L,ctrl,1,25.0
2EW562957M750864U,test,1,20.0
2EY37564C9779954N,ctrl,1,50.0
2FN038404F952032D,test,1,50.0
2G3064711P015933X,test,1,60.0
2GX93944FX787914K,test,1,50.0
2J938233RH714290H,ctrl,1,100.0
2JU15402VS8396238,test,1,50.0
2JX76808SD200904W,ctrl,1,250.0
2LL35491TN329582C,ctrl,1,30.0
2LP48813G7816103U,test,1,30.0
2N0684135B4085442,test,1,20.0
2N39859747781673R,ctrl,2,20.0
2NL59608SD107893K,test,1,30.0
2P273079G24737611,ctrl,1,20.0
2P277102PF9218310,ctrl,1,5.0
2PK38226WX600121S,ctrl,1,10.0
2S496877GX909954U,ctrl,1,100.0
2U8371050T1800705,ctrl,1,25.0
2UG995136K8005521,test,1,30.0
2UR96561J39729023,ctrl,1,25.0
2UT645935A127463V,test,1,5.0
2VS96080LL6762944,test,1,20.0
2VT69483530669321,ctrl,1,25.0
2W248781Y7037370M,test,1,30.0
2WC30415EC266925X,ctrl,1,10.0
2X38883250517192B,test,1,10.0
30814781X8124284R,ctrl,1,500.0
31K81828K4686672V,test,1,30.0
33317088MW396202K,test,1,50.0
33A94183CP8001250,test,1,100.0
34C72374D25941306,test,1,200.0
35L93226PD521300F,test,1,10.0
35Y410089A5201012,test,1,1000.0
36484929UK359315K,test,1,30.0
36E14057HX878633K,test,2,60.0
38K162596X8928744,ctrl,1,10.0
38U66763BJ1574047,test,1,30.0
3A50853525267922H,ctrl,1,25.0
3AG72064DW190433V,ctrl,1,5.0
3B517802YH999114H,test,1,10.0
3BT01391K9947332C,test,1,15.0
3C597278J1195112Y,ctrl,1,50.0
3DW90744T6720764G,ctrl,1,25.0
3DY749402K615703V,ctrl,1,50.0
3EU300566U656280C,ctrl,1,30.0
3G18012133397331L,ctrl,1,25.0
3G792543YH179014M,ctrl,1,25.0
3GP11456B76334300,test,1,60.0
3HE55659FY887591W,ctrl,1,10.0
3LS80009DK365411N,test,1,50.0
3M554682X6392201X,test,1,1000.0
3MB66334R23550145,ctrl,1,100.0
3MH84738E30339610,ctrl,1,40.0
3P407551F06344733,ctrl,1,50.0
3R001239XG6363714,test,1,100.0
3R639452TW3420804,test,1,10.0
3R6885641W8154827,ctrl,1,25.0
3RJ423079U727870J,ctrl,1,50.0
3S012541NP834521D,ctrl,1,15.0
3SH36425HA051115E,ctrl,1,10.0
3T5908988X669345N,ctrl,1,10.0
3T9320756L934952V,ctrl,2,40.0
3TW406038Y8122335,test,1,5.0
3UP71683WX2679521,test,1,100.0
3V739734SA987464C,test,1,10.0
3W502806UJ676801V,ctrl,1,25.0
3X328321M96364821,test,1,50.0
3X5913820S538470B,test,1,20.0
3XX37523ML516931S,test,1,10.0
40164861BG4863100,ctrl,1,25.0
40A70076EF9171103,ctrl,3,75.0
41Y145815C133700C,ctrl,1,50.0
45X82315473450905,ctrl,1,500.0
46K565326R448323N,ctrl,1,5.0
477998791R060650B,ctrl,1,5.0
47S080795R7011709,test,1,10.0
47S69514B6852414S,ctrl,1,25.0
48K68019174186413,ctrl,1,5.0
49C67323CM414394T,test,1,30.0
49P00872S32443116,ctrl,1,50.0
49T42492CY963052Y,ctrl,1,10.0
4AD24944N66099837,test,1,10.0
4CH54853U3882773H,ctrl,1,10.0
4CP72788EC370842K,test,1,10.0
4CR76759RK0121315,ctrl,1,50.0
4D591180HL931473W,ctrl,1,50.0
4D741112TS8558158,ctrl,1,25.0
4DG91882K6006815F,ctrl,1,10.0
4G0947028Y388853N,ctrl,1,10.0
4GB12668PC083291R,test,1,20.0
4GG76472RX3131444,ctrl,1,10.0
4HB2693356854990T,test,1,30.0
4HL83309RM503644E,test,1,20.0
4HP35637ML715530P,test,1,100.0
4JE40887C17815244,ctrl,1,5.0
4JS0856161814033Y,test,1,10.0
4JX11854L5742172B,ctrl,1,10.0
4KR36083X7557854N,test,1,10.0
4L8605195M395694G,test,1,30.0
4MK49892TL5241412,test,1,10.0
4N808777W04506507,ctrl,1,25.0
4N9047688R290750H,ctrl,1,10.0
4NN63684FF933245K,ctrl,1,50.0
4ST52601E8097221T,ctrl,1,50.0
4TC50176Y9514990V,test,1,30.0
4TS533738E675042C,test,1,30.0
4V199825LW9463905,test,1,20.0
4W514094658751406,ctrl,1,25.0
4WR51057VJ335533M,test,1,30.0
4XP83971XF242990A,ctrl,1,25.0
4Y350746PX0361824,ctrl,1,25.0
4YS899258N885633U,ctrl,1,50.0
4YW44967P3466711A,ctrl,1,15.0
50175001G7953745K,test,1,50.0
50H91713DR6531623,test,1,10.0
52772472KR158561P,test,1,50.0
52F118705K236740R,ctrl,1,10.0
52P29229R1519712A,test,1,10.0
53G18084WY958870E,ctrl,1,25.0
53G47934LX525921R,ctrl,1,100.0
55S80031SM269034E,ctrl,1,50.0
56853770BF8531428,test,1,30.0
56B26483CV562452S,ctrl,1,5.0
58246294YG1566328,ctrl,1,5.0
58395831XW824321Y,test,1,20.0
58E185625G943045H,ctrl,1,25.0
59J42165W8369144Y,test,1,10.0
5AL40038PN259150U,ctrl,1,50.0
5G0808529A358732L,test,1,30.0
5HC69876HD308762E,ctrl,1,25.0
5J430583J50178038,ctrl,1,25.0
5J552665DK940445T,ctrl,1,25.0
5JH69867DK1156053,test,1,10.0
5JK47377PE394143W,ctrl,1,50.0
5KL84151NF196620B,test,1,30.0
5LE39003JD4210108,ctrl,1,100.0
5M200255U9629254H,test,1,10.0
5M27878548180902N,ctrl,1,25.0
5M38950673243562V,test,1,10.0
5MK63216VW017913R,ctrl,1,15.0
5TH83912P7289542Y,test,1,10.0
5TT556520Y1473815,test,1,10.0
5U976648TJ3592848,test,1,25.0
5UJ962263W5490641,test,1,50.0
5UR18876UG757402W,test,1,100.0
5VC198514Y684454B,ctrl,1,10.0
5VP78214R6872414K,test,1,5.0
5WP64408T4230214W,test,1,20.0
5WU495197S375511P,test,1,30.0
5YB2394488707115G,ctrl,1,25.0
5YY181436X872480D,test,1,20.0
60591328PY9344713,test,1,50.0
60592984R25708449,test,1,30.0
60A95549TL5745201,ctrl,1,25.0
60C34457R4691572D,ctrl,1,25.0
61U16652VL886753V,ctrl,1,25.0
63551885SX974354E,ctrl,1,10.0
65E125518F235452V,ctrl,1,500.0
65Y80921NV287833K,ctrl,1,25.0
67H05072Y5128124Y,ctrl,1,50.0
67J236769T6961359,test,1,30.0
69S292065F057625E,ctrl,1,50.0
6AU10227XJ658614K,ctrl,1,10.0
6BL018838R9676400,test,1,30.0
6BY09858AB940791H,ctrl,1,25.0
6C411366AR0993024,test,1,30.0
6CX57908Y0652834B,test,7,140.0
6D841873AU101211A,ctrl,1,25.0
6DY54610Y4921121P,ctrl,1,20.0
6E573913L2416743W,test,1,8.0
6EA554644U4030142,test,1,100.0
6ED29517PH0445112,ctrl,1,25.0
6F471753E2952351C,ctrl,2,200.0
6FC61774RV360011D,ctrl,1,25.0
6G044984001993120,ctrl,1,25.0
6G285507XJ228433T,ctrl,1,10.0
6GP28378RD7841159,ctrl,1,25.0
6GT324763X342762B,ctrl,1,5.0
6HC74680JK825763U,ctrl,1,10.0
6HP03084K93863547,test,1,60.0
6J5008037R976491Y,ctrl,1,25.0
6J817247JG181781P,ctrl,1,25.0
6JT57161PN036761G,ctrl,1,25.0
6KS34721UW417481N,test,2,20.0
6KS67518VJ001701F,ctrl,1,5.0
6LP31226Y07998333,test,1,30.0
6M276960VR9710933,ctrl,1,5.0
6M977836W4020832R,test,1,30.0
6NU44514CJ312103S,ctrl,1,10.0
6P537174YE3053506,test,1,50.0
6PA966703W124231A,ctrl,1,25.0
6R3283485B531392L,ctrl,1,10.0
6RF62612SK457833B,ctrl,1,20.0
6S099394KD669245A,test,1,30.0
6T312567SP808143S,ctrl,1,10.0
6TC763800Y195280L,test,1,5.0
6VU46060K13727640,test,1,30.0
6W3802652W286403K,ctrl,1,50.0
6WD33683VE2400636,test,1,60.0
6WP33083A1532763E,ctrl,1,100.0
6X248424UH262434A,ctrl,1,25.0
6X397818UD836682K,test,1,10.0
6X4775499U4618453,test,1,30.0
6XY53451N3642823C,test,1,30.0
6YP564507W762850N,ctrl,1,50.0
70K13403XV334724G,test,1,30.0
71H741221M8750130,ctrl,1,10.0
71X49307PF8686913,test,1,100.0
73V64428KB442262F,test,1,10.0
74A662597H7444517,ctrl,1,25.0
756844476B9434333,ctrl,1,5.0
75F75042W31647829,ctrl,1,5.0
76398229C0057921L,test,1,25.0
76M24919DA629833K,test,1,30.0
77507414WF883314C,test,1,30.0
78354471L4086494A,ctrl,1,25.0
78819625S4708710R,ctrl,1,5.0
79L584425M4314743,ctrl,1,50.0
7A24290708937304R,test,1,10.0
7A261890NS6618038,test,1,50.0
7AG0498322180694Y,test,2,60.0
7B593729E33278912,ctrl,1,50.0
7C14650340692301N,ctrl,1,100.0
7CP47994TD923782C,test,1,10.0
7D476416V7734232B,test,1,20.0
7DG55169AE262041A,ctrl,1,25.0
7F871154TB2638049,test,1,10.0
7GL63786817620935,test,1,30.0
7H192315RF5060024,test,1,10.0
7HA34636490796047,ctrl,1,100.0
7JB41467FH8437353,ctrl,1,25.0
7JJ85310DJ3336513,test,1,50.0
7JV30604NU012651J,test,1,30.0
7NN69097062619702,ctrl,1,10.0
7PB7817883506745J,test,1,10.0
7PS72162147528453,ctrl,1,10.0
7R791315AU417573V,test,1,10.0
7RL42589JX5349343,ctrl,1,50.0
7RR47655XC936534N,test,1,30.0
7S95864602457894F,test,1,30.0
7T9626964D784743S,ctrl,1,50.0
7TJ46878KC545300U,test,1,30.0
7TX21459R0565310E,ctrl,2,100.0
7US50761296982410,test,1,30.0
7VF94741PV7525252,ctrl,1,25.0
7W911581M48850712,test,1,10.0
7WG454678B268680M,test,1,30.0
7WN725738G3430318,ctrl,1,50.0
7XU37958TD147635P,test,1,30.0
80676590HL1088359,test,1,10.0
80N75748PH453872C,ctrl,1,50.0
815707012W194770T,test,1,30.0
81699609NK806883D,ctrl,1,50.0
83N06182UM233570V,test,1,20.0
84J28267R9815082N,ctrl,1,25.0
854454294J8843941,test,1,30.0
85B02814G5651291B,test,1,30.0
85M39177LV7876333,test,1,60.0
86P84326G12289939,ctrl,1,10.0
87135084MY074223A,ctrl,1,10.0
87E3261786119135V,ctrl,1,25.0
88030145FL209393R,test,1,30.0
88080208VG174211S,ctrl,1,25.0
88295838K6453123W,ctrl,1,5.0
89T1106629039283A,test,1,30.0
8A4982643W211492P,ctrl,1,25.0
8AC53603JV682512D,ctrl,1,25.0
8AF775271S514751H,ctrl,1,25.0
8AY86683PL3375730,ctrl,1,50.0
8C144780813410055,test,1,30.0
8C417329YJ729182F,ctrl,1,25.0
8EJ04848PX925245L,test,1,30.0
8EM713183R1151526,test,1,10.0
8EX005871N0683945,test,1,30.0
8H396620HT203232X,ctrl,1,25.0
8JH64320BH0573308,ctrl,1,25.0
8JV20312DP215363H,ctrl,1,25.0
8KK329760R537335C,ctrl,1,25.0
8KU38823SU180230C,test,1,100.0
8LG714700M635454T,test,1,10.0
8LY31383J7132790J,ctrl,1,60.0
8M767417VT092013K,ctrl,1,100.0
8MB75107MV807730V,ctrl,1,25.0
8MN41125F27340810,ctrl,1,40.0
8N84388977087500E,ctrl,1,20.0
8NC67833BT450053E,test,1,10.0
8PF61992XU6290728,ctrl,1,50.0
8SA27833BG182753A,ctrl,1,25.0
8T3501582L114484E,test,1,10.0
8U17134759404934U,test,1,10.0
8VE982932N943505R,test,1,100.0
8W370054838574434,test,1,10.0
8WP244800D3786901,test,1,60.0
8WR05541PL389493Y,test,1,20.0
8X331805VG0577712,ctrl,1,25.0
8XA96366AL1022233,test,1,60.0
8Y6516566J5510346,test,1,100.0
8Y943352E2287253S,ctrl,1,100.0
90B268391H056262U,ctrl,1,5.0
91D95970KK560680X,test,1,10.0
91U248031M614080U,ctrl,1,50.0
94J64139DG761482T,test,1,30.0
94N72788EK6746226,test,1,10.0
94Y09966TL400572L,test,1,30.0
95M444890T3815410,ctrl,1,25.0
96578118FT974953T,test,1,60.0
96J26762MX573571B,ctrl,1,10.0
97K3819282716403C,ctrl,1,5.0
99927110DT245635A,ctrl,1,10.0
99L37526BN753694D,ctrl,1,25.0
9A42183561108640K,test,1,25.0
9AA12665X57765057,test,1,50.0
9AD067330C640170U,test,1,30.0
9AP7707002610680B,test,1,10.0
9BF42075TU631334M,test,1,30.0
9BY40924SE734005Y,ctrl,1,25.0
9CA09445WW089015W,test,1,100.0
9F731179VK398692N,test,1,25.0
9FU84206U5102952A,ctrl,1,5.0
9H767837KK3978034,test,1,30.0
9JF974583M953380B,ctrl,1,10.0
9JG90649KJ777690H,test,1,20.0
9JS20512P7768493C,ctrl,1,50.0
9JS66949XN046014M,test,1,10.0
9KL97838A1422544W,ctrl,1,16.0
9LJ44951NJ981744W,test,1,30.0
9MT76779XP3736619,test,1,30.0
9NG0873475609541S,ctrl,2,300.0
9P482429JL6219101,test,1,100.0
9SH93723F8176315G,test,1,20.0
9SY3458236199422C,ctrl,1,25.0
9TA99696N46832028,test,1,30.0
9TJ91968G9684632J,test,1,50.0
9VM6848241883504T,test,1,60.0
9WD56343JA552720L,ctrl,1,2.5
9XT864766F564062K,test,1,100.0
ICC14179049848,ctrl,1,30.0
ICC14179050185,test,1,50.0
ICC14179051217,ctrl,1,50.0
ICC14179052410,ctrl,1,25.0
ICC14179058688,test,1,5.0
ICC14179064485,test,1,10.0
ICC14179095813,ctrl,1,25.0
ICC14179099613,test,1,30.0
ICC14179110328,ctrl,1,100.0
ICC14179116288,ctrl,1,10.0
ICC14179141363,ctrl,1,10.0
ICC14179143161,test,1,10.0
ICC14179183965,test,1,50.0
ICC14179186156,ctrl,1,30.0
ICC14179191246,test,1,20.0
ICC14179245306,ctrl,1,10.0
ICC14179252037,test,1,20.0
ICC14179492144,test,1,100.0
ICC14179575685,ctrl,1,50.0
ICC14179719799,test,1,100.0
ICC14179734007,ctrl,1,30.0
ICC14179761681,test,1,50.0
ICC14179808761,ctrl,1,200.0
ICC14179869346,test,1,30.0
ICC14179891160,ctrl,1,150.0
ICC14179914189,test,1,30.0
ICC14179935172,ctrl,1,100.0
ICC14179980863,ctrl,1,20.0
ICC14180007138,test,1,50.0
ICC14180019622,test,1,30.0
ICC14180035983,ctrl,1,10.0
ICC14180041439,test,1,100.0
ICC14180044572,test,1,30.0
ICC14180219435,ctrl,1,25.0
ICC14180283528,ctrl,2,50.0
ICC14180309986,ctrl,1,50.0
ICC14180321930,ctrl,1,25.0
ICC14180667656,test,1,20.0
ICC14180678959,test,1,30.0
ICC14180820126,test,1,100.0
ICC14180834430,ctrl,1,25.0
ICC14182871146,test,1,20.0
ICC14184076120,ctrl,1,50.0
ICC14185743896,test,1,20.0
ICC14185894897,test,1,100.0
ICC14187235970,ctrl,1,50.0
ICC14188984152,ctrl,1,25.0
ICC14189053803,test,1,10.0
ICC14189332653,test,1,40.0
ICC14189553244,test,1,20.0
ICC14191240560,ctrl,1,50.0
ICC14194519353,ctrl,1,20.0
ICC14197772132,test,2,60.0
ICC14197775312,test,1,10.0
ICC14197785822,test,1,30.0
ICC14197796609,ctrl,2,50.0
ICC14197798609,test,1,10.0
ICC14197804773,test,1,20.0
ICC14197805690,test,1,30.0
ICC14197835126,test,1,100.0
ICC14197847777,test,1,5.0
ICC14197858096,ctrl,1,25.0
ICC14197860072,ctrl,1,25.0
ICC14197870952,ctrl,1,100.0
ICC14197875644,ctrl,1,100.0
ICC14197878294,ctrl,1,10.0
ICC14197903601,test,1,30.0
ICC14197905885,ctrl,1,25.0
ICC14197923078,test,1,10.0
ICC14197924614,ctrl,1,25.0
ICC14197926021,ctrl,1,25.0
ICC14198003726,ctrl,1,25.0
ICC14198121309,ctrl,1,25.0
ICC14198128058,ctrl,1,100.0
ICC14198169142,ctrl,1,100.0
ICC14198177121,ctrl,1,25.0
ICC14198249894,ctrl,1,100.0
ICC14198250711,ctrl,1,25.0
ICC14198319104,ctrl,1,35.0
ICC14198339610,test,1,10.0
ICC14198385232,ctrl,1,10.0
ICC14198412340,ctrl,1,25.0
ICC14198462833,test,1,60.0
ICC14198501902,ctrl,1,10.0
ICC14198537469,test,1,100.0
ICC14198698724,ctrl,2,100.0
ICC14198804059,test,1,20.0
ICC14198839561,ctrl,1,50.0
ICC14198907714,ctrl,1,50.0
ICC14199371213,test,1,3.0
ICC14200627766,ctrl,1,50.0
ICC14201335836,test,1,10.0
ICC14201423760,test,1,20.0
ICC14201803736,test,1,30.0
ICC14202210177,test,1,100.0
ICC14205148789,test,1,20.0
ICC14208692177,test,1,10.0
ICC14209137452,ctrl,1,15.0
ICC14209276251,test,1,30.0
ICC14210024490,ctrl,1,25.0
ICC14211938355,test,1,10.0
ICC14212834586,ctrl,1,100.0
ICC14212995630,ctrl,1,50.0
ICC14214862715,test,1,100.0
ICC14216879585,ctrl,1,20.0
ICC15158087311,ctrl,1,50.0
ICC15158092681,ctrl,1,10.0
ICC15158096178,test,1,10.0
ICC15158105864,test,1,60.0
ICC15158137480,test,3,60.0
ICC15158152084,test,1,10.0
ICC15158153572,test,1,10.0
ICC15158155615,test,1,20.0
ICC15158157802,ctrl,1,50.0
ICC15158171487,test,1,30.0
ICC15158184609,ctrl,1,5.0
ICC15158202831,ctrl,1,15.0
ICC15158211023,test,1,30.0
ICC15158221688,test,1,50.0
ICC15158258615,ctrl,1,100.0
ICC15158420535,ctrl,1,5.0
ICC15158521095,ctrl,1,25.0
ICC15158524431,test,1,200.0
ICC15158531295,test,1,50.0
ICC15158550081,ctrl,1,10.0
ICC15158566952,test,2,60.0
ICC15158598548,ctrl,1,25.0
ICC15158631664,ctrl,1,100.0
ICC15158632740,ctrl,1,25.0
ICC15158636685,test,1,250.0
ICC15158983605,test,1,30.0
ICC15159162673,ctrl,1,10.0
ICC15159235530,ctrl,1,20.0
ICC15159294876,ctrl,1,30.0
ICC15159312237,ctrl,1,100.0
ICC15159314501,ctrl,1,10.0
ICC15159367333,ctrl,1,25.0
ICC15159403347,test,1,30.0
ICC15159436847,ctrl,1,50.0
ICC15159439798,ctrl,1,50.0
ICC15159679270,test,1,10.0
ICC15159683767,ctrl,1,100.0
ICC15159694370,test,1,25.0
ICC15159741837,ctrl,1,25.0
ICC15159742785,ctrl,1,10.0
ICC15159768856,test,1,20.0
ICC15159837678,ctrl,1,25.0
ICC15159882199,test,1,10.0
ICC15159889118,ctrl,1,30.0
ICC15159918535,ctrl,1,50.0
ICC15159937245,ctrl,1,25.0
ICC15159950014,test,1,100.0
ICC15159976516,ctrl,1,25.0
ICC15160026082,test,1,100.0
ICC15160029240,test,1,20.0
ICC15160063865,test,1,10.0
ICC15160303380,test,1,20.0
ICC15160561491,ctrl,1,25.0
ICC15160716355,test,1,30.0
ICC15161414900,ctrl,1,25.0
ICC15161440531,test,2,20.0
ICC15161463189,ctrl,1,25.0
ICC15161630637,test,1,15.0
ICC15161729161,ctrl,1,25.0
ICC15161743181,ctrl,1,25.0
ICC15162419671,ctrl,2,1000.0
ICC15164162796,test,1,75.0
ICC15164889397,test,1,10.0
ICC15165949831,ctrl,1,50.0
ICC15166649423,ctrl,1,50.0
ICC16039980761,ctrl,1,25.0
ICC16039988526,ctrl,1,50.0
ICC16039995049,test,1,2.0
ICC16040001756,ctrl,1,50.0
ICC16040001981,ctrl,1,50.0
ICC16040004247,test,1,15.0
ICC16040005051,ctrl,1,100.0
ICC16040006062,ctrl,1,10.0
ICC16040010672,test,1,20.0
ICC16040028946,test,1,5.0
ICC16040080587,test,1,100.0
ICC16040089313,ctrl,1,200.0
ICC16040116662,test,1,10.0
ICC16040130570,ctrl,1,25.0
ICC16040130713,test,1,100.0
ICC16040137076,ctrl,1,100.0
ICC16040148980,test,1,100.0
ICC16040169728,ctrl,1,30.0
ICC16040201898,test,1,100.0
ICC16040203417,ctrl,1,25.0
ICC16040242675,ctrl,1,100.0
ICC16040287018,test,1,100.0
ICC16040347366,test,1,10.0
ICC16040368392,ctrl,1,25.0
ICC16040371823,test,1,30.0
ICC16040399816,test,1,50.0
ICC16040412847,test,1,60.0
ICC16040419021,test,1,100.0
ICC16040435535,test,1,100.0
ICC16040532683,ctrl,1,25.0
ICC16040541130,ctrl,1,100.0
ICC16041078273,test,1,10.0
ICC16041100929,ctrl,1,50.0
ICC16041180580,ctrl,1,10.0
ICC16041226106,test,1,100.0
ICC16041235734,ctrl,1,25.0
ICC16041290888,ctrl,1,100.0
ICC16041315005,test,1,20.0
ICC16041334310,test,1,100.0
ICC16041353636,test,1,25.0
ICC16041357683,ctrl,1,100.0
ICC16041393943,test,1,30.0
ICC16041396633,test,1,60.0
ICC16041444927,ctrl,1,25.0
ICC16041459797,ctrl,1,25.0
ICC16041481550,ctrl,1,50.0
ICC16041720587,test,1,30.0
ICC16041853644,ctrl,1,100.0
ICC16041957128,ctrl,1,50.0
ICC16042035548,ctrl,1,5.0
ICC16042037634,test,1,30.0
ICC16042094144,test,1,50.0
ICC16042197738,ctrl,1,50.0
ICC16042397623,ctrl,1,30.0
ICC16042727083,ctrl,1,100.0
ICC16043918480,test,1,30.0
ICC16044287742,test,1,100.0
ICC16045781944,test,1,500.0
ICC16045864904,ctrl,1,10.0
ICC16045951953,test,1,15.0
ICC17039494720,test,1,30.0
ICC17039499143,ctrl,1,25.0
ICC17039500894,test,1,50.0
ICC17039502947,test,1,60.0
ICC17039508444,ctrl,1,20.0
ICC17039515398,test,1,60.0
ICC17039527556,test,1,60.0
ICC17039544936,ctrl,1,25.0
ICC17039564973,ctrl,1,50.0
ICC17039571551,ctrl,1,10.0
ICC17039608474,ctrl,1,25.0
ICC17039641042,ctrl,1,30.0
ICC17039649046,ctrl,1,25.0
ICC17039657389,ctrl,1,100.0
ICC17039666614,ctrl,1,100.0
ICC17039673193,test,1,30.0
ICC17039736750,ctrl,1,100.0
ICC17039744800,ctrl,1,100.0
ICC17039765309,test,1,10.0
ICC17039809211,ctrl,1,50.0
ICC17039868280,ctrl,1,5.0
ICC17039872894,ctrl,1,50.0
ICC17039894471,ctrl,2,200.0
ICC17039977456,ctrl,1,50.0
ICC17040035923,ctrl,1,100.0
ICC17040065715,test,1,30.0
ICC17040107154,ctrl,2,50.0
ICC17040516753,ctrl,1,25.0
ICC17040561040,ctrl,1,10.0
ICC17040569654,test,1,10.0
ICC17040575266,ctrl,1,25.0
ICC17040622164,ctrl,1,100.0
ICC17040663032,ctrl,1,100.0
ICC17040666110,test,1,50.0
ICC17040672073,ctrl,1,10.0
ICC17040691381,ctrl,1,100.0
ICC17040712266,test,1,5.0
ICC17040720273,ctrl,1,50.0
ICC17040750749,ctrl,1,50.0
ICC17040798035,test,1,10.0
ICC17040816275,ctrl,1,25.0
ICC17040822283,ctrl,1,25.0
ICC17040839595,ctrl,1,50.0
ICC17040870212,ctrl,1,25.0
ICC17040920014,ctrl,1,30.0
ICC17040926828,ctrl,1,50.0
ICC17040927871,test,1,50.0
ICC17040928785,test,1,10.0
ICC17040931374,ctrl,1,25.0
ICC17040937021,ctrl,1,50.0
ICC17041097679,test,1,30.0
ICC17041146534,test,1,30.0
ICC17041179909,test,1,30.0
ICC17041234283,ctrl,1,100.0
ICC17041457270,test,1,50.0
ICC17041530436,ctrl,1,100.0
ICC17041702567,ctrl,1,15.0
ICC17042868435,test,1,100.0
ICC17042886013,test,1,10.0
ICC17042973658,test,1,30.0
ICC17043063409,test,1,10.0
ICC17043113617,ctrl,1,20.0
ICC17047227428,ctrl,1,50.0
ICC17047385023,ctrl,1,1000.0
ICC17047709292,test,1,5.0
ICC18039645277,test,1,10.0
ICC18039664473,ctrl,1,50.0
ICC18039671374,test,1,10.0
ICC18039683985,test,2,40.0
ICC18039685857,test,1,10.0
ICC18039687460,ctrl,1,25.0
ICC18039688881,test,1,50.0
ICC18039695877,ctrl,1,60.0
ICC18039707007,ctrl,1,25.0
ICC18039733005,ctrl,1,25.0
ICC18039758422,ctrl,1,50.0
ICC18039775634,test,1,10.0
ICC18039786041,ctrl,1,25.0
ICC18039834479,test,1,20.0
ICC18040207221,ctrl,1,25.0
ICC18040260571,test,1,100.0
ICC18040287724,test,1,25.0
ICC18040312439,ctrl,1,25.0
ICC18040365527,test,1,20.0
ICC18040400635,test,1,30.0
ICC18040409972,test,1,100.0
ICC18040413605,test,1,50.0
ICC18040424778,test,1,20.0
ICC18040427608,ctrl,1,50.0
ICC18040435184,ctrl,1,50.0
ICC18040437624,test,1,30.0
ICC18040439370,ctrl,1,100.0
ICC18040454610,test,1,100.0
ICC18040516738,ctrl,1,25.0
ICC18040542873,test,1,20.0
ICC18040620777,ctrl,1,1000.0
ICC18040725341,test,1,60.0
ICC18040732570,ctrl,1,20.0
ICC18040736163,ctrl,1,500.0
ICC18040748180,ctrl,1,50.0
ICC18040795278,test,1,60.0
ICC18040832650,test,1,100.0
ICC18040929787,ctrl,1,25.0
ICC18041385815,ctrl,1,200.0
ICC18041981097,ctrl,1,25.0
ICC18042523986,test,1,30.0
ICC18043939384,test,1,60.0
ICC18044237587,ctrl,1,50.0
ICC18044652315,test,1,50.0
ICC18045207898,test,1,10.0
ICC18048649410,test,1,300.0
ICC18048833858,ctrl,1,100.0
ICC18048848429,ctrl,1,50.0
ICC18049257391,test,1,150.0
ICC18050707907,ctrl,1,25.0
ICC18056358639,ctrl,1,10.0
ICC18059494053,test,1,100.0
ICC18062326084,ctrl,1,100.0
ICC18062326685,ctrl,1,50.0
ICC18062327515,test,1,50.0
ICC18062339142,test,1,20.0
ICC18062340174,test,1,60.0
ICC18062354308,test,2,20.0
ICC18062356944,test,1,60.0
ICC18062357945,ctrl,2,50.0
ICC18062362862,test,1,100.0
ICC18062365737,test,1,30.0
ICC18062393355,test,1,30.0
ICC18062450409,test,1,5.0
ICC18062473604,test,2,60.0
ICC18062474703,ctrl,1,25.0
ICC18062486915,test,1,100.0
ICC18062500868,test,1,100.0
ICC18062521580,ctrl,1,5.0
ICC18062536034,ctrl,1,25.0
ICC18062581411,test,1,300.0
ICC18062586985,ctrl,1,5.0
ICC18062594124,test,2,50.0
ICC18062612229,ctrl,1,25.0
ICC18062641247,ctrl,2,40.0
ICC18062676655,test,2,200.0
ICC18062692132,test,1,10.0
ICC18062706941,test,1,50.0
ICC18062829138,test,1,60.0
ICC18062926035,test,1,10.0
ICC18062928424,ctrl,1,25.0
ICC18063012916,test,1,50.0
ICC18063130093,ctrl,1,20.0
ICC18063169482,test,1,10.0
ICC18063198438,test,1,30.0
ICC18063268777,ctrl,1,10.0
ICC18063310187,ctrl,1,15.0
ICC18063732734,test,1,20.0
ICC18064218090,ctrl,1,25.0
ICC18064299404,test,1,250.0
ICC18065030346,test,1,100.0
ICC18065243725,ctrl,1,25.0
ICC18065535938,test,1,30.0
ICC18065777023,test,1,80.0
ICC18066207475,test,1,150.0
ICC18066524226,test,1,10.0
ICC18067721357,ctrl,1,25.0
ICC18067977190,test,1,30.0
ICC18070094476,test,1,30.0
ICC18071719344,ctrl,1,50.0
ICC18072818061,test,1,30.0
ICC18074075340,ctrl,1,10.0
ICC18075209981,ctrl,1,200.0
ICC18076584414,test,1,100.0
ICC18076856143,test,1,50.0
ICC18077028603,ctrl,1,25.0
ICC18077327641,ctrl,1,5.0
ICC18077673909,ctrl,1,20.0
ICC18077848373,test,1,60.0
ICC18080767490,ctrl,1,100.0
ICC19039564738,test,1,60.0
ICC19039570320,test,1,60.0
ICC19039572678,test,1,30.0
ICC19039589236,test,1,10.0
ICC19039593451,test,1,30.0
ICC19039595491,test,1,10.0
ICC19039616813,test,1,100.0
ICC19039630736,ctrl,1,50.0
ICC19039634689,test,1,10.0
ICC19039635971,test,1,30.0
ICC19039649298,test,1,100.0
ICC19039692485,ctrl,1,50.0
ICC19039696335,ctrl,1,5.0
ICC19039719255,test,1,250.0
ICC19039752625,ctrl,1,25.0
ICC19039811428,ctrl,1,10.0
ICC19039817315,test,1,100.0
ICC19039867398,ctrl,1,10.0
ICC19040310643,test,1,10.0
ICC19040319292,test,1,25.0
ICC19040328158,test,1,100.0
ICC19040330694,ctrl,1,10.0
ICC19040350462,ctrl,1,5.0
ICC19040411656,test,1,30.0
ICC19040441144,test,1,10.0
ICC19040450141,test,2,20.0
ICC19040451229,ctrl,1,50.0
ICC19040451486,test,1,20.0
ICC19040518058,ctrl,1,25.0
ICC19040531758,test,1,30.0
ICC19040622662,ctrl,1,100.0
ICC19040632532,ctrl,1,100.0
ICC19040638343,ctrl,1,25.0
ICC19040803325,ctrl,1,25.0
ICC19040841302,ctrl,1,75.0
ICC19042017913,ctrl,1,10.0
ICC19042308484,test,1,50.0
ICC19042486898,ctrl,1,120.0
ICC19044384228,ctrl,3,150.0
ICC19049058531,test,1,100.0
ICC19051151182,ctrl,1,50.0
ICC19053833860,ctrl,1,50.0
ICC19053970977,ctrl,1,50.0
ICC19054304257,ctrl,1,10.0
ICC19056570146,ctrl,1,5.0
ICC19056899536,test,1,100.0
ICC19058570780,test,1,30.0
ICC19062128600,ctrl,1,25.0
ICC19062133846,ctrl,2,50.0
ICC19062139145,test,1,100.0
ICC19062142023,test,1,30.0
ICC19062142193,ctrl,1,30.0
ICC19062144731,ctrl,1,50.0
ICC19062147756,ctrl,1,50.0
ICC19062153239,ctrl,1,25.0
ICC19062154438,ctrl,1,25.0
ICC19062181288,ctrl,1,50.0
ICC19062212473,test,1,20.0
ICC19062221569,test,1,30.0
ICC19062237072,test,1,30.0
ICC19062240752,ctrl,1,25.0
ICC19062246318,ctrl,1,25.0
ICC19062250387,ctrl,1,50.0
ICC19062259004,ctrl,1,15.0
ICC19062275875,test,1,10.0
ICC19062276485,test,1,25.0
ICC19062277931,test,1,25.0
ICC19062298501,test,1,250.0
ICC19062318364,test,1,60.0
ICC19062353791,test,1,100.0
ICC19062356888,ctrl,1,25.0
ICC19062383212,test,1,30.0
ICC19062393257,ctrl,1,25.0
ICC19062461376,test,1,60.0
ICC19062485070,test,2,60.0
ICC19062605023,ctrl,1,25.0
ICC19062749017,ctrl,1,25.0
ICC19062786484,ctrl,1,20.0
ICC19062795536,ctrl,1,50.0
ICC19062812411,ctrl,1,100.0
ICC19062893451,test,1,50.0
ICC19062901632,ctrl,1,50.0
ICC19062915949,test,1,30.0
ICC19063151139,ctrl,1,25.0
ICC19063176804,ctrl,1,25.0
ICC19063350031,test,1,30.0
ICC19063382060,ctrl,1,5.0
ICC19063427398,test,1,20.0
ICC19063602485,ctrl,1,35.0
ICC19063746798,ctrl,1,25.0
ICC19063826467,ctrl,1,10.0
ICC19065130280,test,1,30.0
ICC19065232932,test,1,20.0
ICC19065387744,ctrl,1,20.0
ICC19065620580,test,1,100.0
ICC19065859996,ctrl,1,500.0
ICC19065918545,test,1,5.0
ICC19066154582,ctrl,1,5.0
ICC19066299397,ctrl,1,25.0
ICC19066643191,test,1,50.0
ICC19067724633,ctrl,1,5.0
ICC19069006611,ctrl,1,200.0
ICC19069438469,ctrl,1,160.0
ICC19070386843,test,1,20.0
ICC19072825335,ctrl,1,20.0
ICC19072897541,ctrl,1,50.0
ICC19073464121,ctrl,1,100.0
ICC19076346586,test,1,30.0
ICC19077162031,ctrl,1,15.0
ICC19077887162,ctrl,1,10.0
ICC19082128133,test,1,20.0
